{
    "dataRoles": [
        {
            "displayNameKey": "Visual_Source",
            "name": "Source",
            "kind": "Grouping",
            "displayName": "Source"
        },
        {
            "displayNameKey": "Visual_Target",
            "name": "Target",
            "kind": "Grouping",
            "displayName": "Target"
        },
        {
            "displayNameKey": "Visual_Weight",
            "name": "Weight",
            "kind": "Measure",
            "displayName": "Weight"
        },
        {
            "displayNameKey": "Visual_LinkType",
            "name": "LinkType",
            "kind": "Grouping",
            "displayName": "Link Type"
        },
        {
            "displayNameKey": "Visual_SourceType",
            "name": "SourceType",
            "kind": "Grouping",
            "displayName": "Source Type"
        },
        {
            "displayNameKey": "Visual_TargetType",
            "name": "TargetType",
            "kind": "Grouping",
            "displayName": "Target Type"
        }
    ],
    "drilldown": {
        "roles": [
            "Source",
            "Target"
        ]
    },
    "dataViewMappings": [
        {
            "conditions": [
                {
                    "Source": {
                        "max": 1
                    },
                    "Target": {
                        "max": 1
                    },
                    "Weight": {
                        "max": 1
                    },
                    "LinkType": {
                        "max": 1
                    },
                    "SourceType": {
                        "max": 1
                    },
                    "TargetType": {
                        "max": 1
                    }
                }
            ],
            "categorical": {
                "categories": {
                    "select": [
                        {
                            "for": {
                                "in": "Source"
                            }
                        },
                        {
                            "for": {
                                "in": "Target"
                            }
                        },
                        {
                            "for": {
                                "in": "LinkType"
                            }
                        },
                        {
                            "for": {
                                "in": "SourceType"
                            }
                        },
                        {
                            "for": {
                                "in": "TargetType"
                            }
                        }
                    ],
                    "dataReductionAlgorithm": {
                        "top": {
                            "count": 2000
                        }
                    }
                },
                "values": {
                    "select": [
                        {
                            "bind": {
                                "to": "Weight"
                            }
                        }
                    ]
                }
            }
        }
    ],
    "objects": {
        "animation": {
            "displayName": "Animations",
            "displayNameKey": "Visual_Animations",
            "properties": {
                "show": {
                    "displayName": "Show",
                    "displayNameKey": "Visual_Show",
                    "type": {
                        "bool": true
                    }
                }
            }
        },
        "labels": {
            "displayName": "Data labels",
            "displayNameKey": "Visual_DataLabels",
            "properties": {
                "show": {
                    "displayName": "Show",
                    "displayNameKey": "Visual_Show",
                    "type": {
                        "bool": true
                    }
                },
                "color": {
                    "displayName": "Fill",
                    "displayNameKey": "Visual_Fill",
                    "type": {
                        "fill": {
                            "solid": {
                                "color": true
                            }
                        }
                    }
                },
                "fontSize": {
                    "displayName": "Text Size",
                    "displayNameKey": "Visual_TextSize",
                    "type": {
                        "formatting": {
                            "fontSize": true
                        }
                    }
                },
                "allowIntersection": {
                    "displayName": "Intersection",
                    "displayNameKey": "Visual_Intersection",
                    "type": {
                        "bool": true
                    }
                }
            }
        },
        "links": {
            "displayName": "Links",
            "displayNameKey": "Visual_ForceGraph_Links",
            "properties": {
                "showArrow": {
                    "type": {
                        "bool": true
                    },
                    "displayName": "Arrow",
                    "displayNameKey": "Visual_Arrow"
                },
                "showLabel": {
                    "type": {
                        "bool": true
                    },
                    "displayName": "Label",
                    "displayNameKey": "Visual_Label",
                    "description": "Displays weight on links",
                    "descriptionKey": "Visual_Description_Label"
                },
                "colorLink": {
                    "type": {
                        "enumeration": [
                            {
                                "value": "By Weight",
                                "displayNameKey": "Visual_ForceGraph_ByWeight",
                                "displayName": "By Weight"
                            },
                            {
                                "value": "By Link Type",
                                "displayNameKey": "Visual_ForceGraph_ByLinkType",
                                "displayName": "By Link Type"
                            },
                            {
                                "value": "Interactive",
                                "displayNameKey": "Visual_Interactive",
                                "displayName": "Interactive"
                            }
                        ]
                    },
                    "displayName": "Color",
                    "displayNameKey": "Visual_Color"
                },
                "thickenLink": {
                    "type": {
                        "bool": true
                    },
                    "displayName": "Thickness",
                    "displayNameKey": "Visual_ForceGraph_Thickness",
                    "description": "Thickenss of links represents weight",
                    "descriptionKey": "Visual_Description_Thickness"
                },
                "displayUnits": {
                    "displayName": "Display Units",
                    "displayNameKey": "Visual_DisplayUnits",
                    "type": {
                        "formatting": {
                            "labelDisplayUnits": true
                        }
                    }
                },
                "decimalPlaces": {
                    "displayName": "Decimal Places",
                    "displayNameKey": "Visual_ForceGraph_DecimalPlaces",
                    "placeHolderText": "Auto",
                    "type": {
                        "numeric": true
                    }
                }
            }
        },
        "nodes": {
            "displayName": "Nodes",
            "displayNameKey": "Visual_Nodes",
            "properties": {
                "displayImage": {
                    "type": {
                        "bool": true
                    },
                    "displayName": "Image",
                    "displayNameKey": "Visual_Image"
                },
                "defaultImage": {
                    "type": {
                        "text": true
                    },
                    "displayName": "Default image",
                    "displayNameKey": "Visual_DefaultImage"
                },
                "imageUrl": {
                    "type": {
                        "text": true
                    },
                    "displayName": "Image url",
                    "displayNameKey": "Visual_ImageUrl"
                },
                "imageExt": {
                    "type": {
                        "text": true
                    },
                    "displayName": "Image extension",
                    "displayNameKey": "Visual_ImageExtension"
                },
                "nameMaxLength": {
                    "type": {
                        "numeric": true
                    },
                    "displayName": "Max name length",
                    "displayNameKey": "Visual_ForceGraph_MaxNameLength"
                },
                "highlightReachableLinks": {
                    "type": {
                        "bool": true
                    },
                    "displayName": "Highlight all reachable links",
                    "displayNameKey": "Visual_ForceGraph_HighlightLinks"
                }
            }
        },
        "size": {
            "displayName": "Size",
            "displayNameKey": "Visual_Size",
            "properties": {
                "charge": {
                    "type": {
                        "numeric": true
                    },
                    "displayName": "Charge",
                    "displayNameKey": "Visual_Charge"
                },
                "boundedByBox": {
                    "type": {
                        "bool": true
                    },
                    "displayName": "Bound by box",
                    "displayNameKey": "Visual_BoundByBox"
                }
            }
        }
    }
}