{
  "visual": {
    "name": "forceGraph",
    "displayName": "Force-Directed Graph 2.0.2",
    "guid": "ForceGraph1449359463895",
    "visualClassName": "ForceGraph",
    "version": "2.0.2",
    "description": "This custom visual implements a D3 force layout diagram with curved path. The thickness of the path also represents the weight of the relationship between the nodes.",
    "supportUrl": "https://community.powerbi.com",
    "gitHubUrl": "https://github.com/Microsoft/PowerBI-visuals-ForceGraph"
  },
  "apiVersion": "2.3.0",
  "author": {
    "name": "Microsoft",
    "email": "pbicvsupport@microsoft.com"
  },
  "assets": {
    "icon": "assets/icon.png"
  },
  "externalJS": [],
  "capabilities": "capabilities.json"
}